Date_Time_1,feature1_subject_1,feature1_subject_2,feature2_subject_1,feature2_subject_2
2022-01-02 00:00:00,0.5881308010772742,0.5881308010772742,0.5881308010772742,1.1762616021545484
2022-01-02 00:01:00,0.897713727909418,0.897713727909418,1.4858445289866922,2.9716890579733843
2022-01-02 00:02:00,0.891530729474708,0.891530729474708,2.3773752584614,4.7547505169228
2022-01-02 00:03:00,0.815837477307684,0.815837477307684,3.193212735769084,6.386425471538168
2022-01-02 00:04:00,0.03588958561685329,0.03588958561685329,3.229102321385937,6.458204642771874
2022-01-02 00:05:00,0.6917575817588839,0.6917575817588839,3.9208599031448212,7.8417198062896425
2022-01-02 00:06:00,0.37868094200540814,0.37868094200540814,4.299540845150229,8.599081690300459
2022-01-02 00:07:00,0.5185109454480806,0.5185109454480806,4.81805179059831,9.63610358119662
2022-01-02 00:08:00,0.657951465558813,0.657951465558813,5.476003256157123,10.952006512314245
2022-01-02 00:09:00,0.19385021788294832,0.19385021788294832,5.669853474040071,11.339706948080142
